{
"vessel_data": {
"33": {
"vessel_id": 33,
"gamma": 9,
"r": [
0.10676577949956854,
0.10675266059987486,
0.10673968919358101,
0.10672686533446532,
0.10674595144858773,
0.10679409890058525,
0.10687633164412656,
0.10696281629656451,
0.10706023242846825,
0.10713676458982747,
0.1071985448503913,
0.1072585089279316,
0.10731488020362398,
0.10736973958665899,
0.10742738586356607,
0.10749107199477274,
0.10755649611043835,
0.10762749987847699,
0.10769224996770387,
0.10774987140905358,
0.10780214728213203,
0.10784583872950096,
0.10788420175498499,
0.10791429242685352,
0.1079383294346047,
0.10795543226634305,
0.10796413008097397,
0.10796501456524321,
0.10795852817899089,
0.10794363749996344,
0.10791974914985364,
0.10788744723117658,
0.10784716690839447,
0.10779860395622777,
0.10777527415279417,
0.1077603581511285,
0.10777837524044853,
0.10778605374017125,
0.1078006709104925,
0.10778753031202296,
0.10776434579930498,
0.10773864503293415,
0.10770761869952712,
0.10768323459480911,
0.10765884496723276,
0.10764066001320596,
0.1076264647434414,
0.10761330287275918,
0.10759392685312304,
0.10757543503094884,
0.10755427648738783,
0.1075338538056557,
0.10751239101120608,
0.10749225649550002,
0.107472562475304,
0.1074533091928198,
0.10743449688500058,
0.10741627395014751,
0.10739893706952963,
0.10738189381815573,
0.10736499609868748,
0.10734868876014814,
0.10733282379002701,
0.10731725308139442,
0.10730138346337335,
0.10728551149792653,
0.10726963718401195,
0.10725390891149847,
0.10723832674464426,
0.10722274231330847,
0.10720730407192339,
0.10719186360705522,
0.10717627241954536,
0.10716082748342459,
0.10714523177970804,
0.10712948524255034,
0.10711373639053146,
0.10709798522263018,
0.10708223173782457,
0.10706662458557398,
0.10705116382988054,
0.10703570084096059,
0.10702038433255563,
0.10700506563177382,
0.10698989349476497,
0.10697486798389001,
0.10695998916094213,
0.10694510826796624,
0.1069305229836758,
0.10691608456947176,
0.10690179308486397,
0.10688764858878842,
0.10687365113960595,
0.10685965185691028,
0.10684594865518851,
0.10683224369577889,
0.10681883496883232,
0.10680542455850722,
0.10679201246416947,
0.10677889678746877
],
"p": [
66.62781111443874,
66.1327982484308,
65.64335072191551,
65.15947056409988,
65.87964316037692,
67.6963815119755,
70.79925347613069,
74.06256188374431,
77.73834565944685,
80.62611867553878,
82.95726111572108,
85.2198738785161,
87.34692015469615,
89.41691848212295,
91.59207412876681,
93.99513041166398,
96.46376572086383,
99.14293695739043,
101.586139359335,
103.76035789077027,
105.73287314432592,
107.38147394829062,
108.82901845560436,
109.96442386837126,
110.87140756174495,
111.51674535327723,
111.84493828477288,
111.87831235601982,
111.63356281727941,
111.07169574959211,
110.17032132580876,
108.95147937143435,
107.43158986166695,
105.59917352377592,
104.71887463204587,
104.15605207022193,
104.83588736355274,
105.12561868577862,
105.67716550316415,
105.18133388150663,
104.30651721581819,
103.33675524515874,
102.16604469929375,
101.24596406422887,
100.325675036236,
99.63950573688821,
99.10387841035936,
98.60724412847905,
97.87613258438131,
97.17838428948595,
96.38001312016152,
95.60940808072608,
94.79955667236767,
94.03982494500711,
93.2967143482288,
92.57023402098275,
91.86039290417804,
91.17279048177018,
90.51862136982632,
89.87553171248558,
89.23793338196329,
88.62261177909949,
88.02398197689384,
87.43645548565014,
86.83765030514856,
86.2387565496917,
85.63977417996102,
85.04630236174151,
84.45834351967191,
83.87029923236432,
83.28777110175899,
82.70515907290307,
82.11685985620561,
81.53407911445392,
80.94560948861593,
80.3514484941619,
79.75720015350618,
79.162864428114,
78.56844127942604,
77.9795396683016,
77.39616200971999,
76.81270008524226,
76.23476528127169,
75.65674775277621,
75.08426048634453,
74.51730583503104,
73.95588613046428,
73.39438831793817,
72.84404464989201,
72.2992428019746,
71.75998501966095,
71.22627352677067,
70.69811052542047,
70.1698783404776,
69.65281812078231,
69.13569157859536,
68.62974271776677,
68.12373033834758,
67.61765441640827,
67.12276316296088
],
"v": [
15.810397980497505,
15.672616054968996,
15.536119888358996,
15.400771838243719,
16.15861442838187,
17.520667154156595,
19.81262365891041,
22.024255003046484,
24.481207267152847,
26.271114056810717,
27.670996102676607,
28.993888014254843,
30.18289059455336,
31.319183479627025,
32.48841571050309,
33.78798314003141,
35.089370226067054,
36.5027808920838,
37.7005626458076,
38.69907331249657,
39.546527743540025,
40.163660746052166,
40.64187064132367,
40.90976181755564,
41.03661851771912,
40.99466587278393,
40.759492288198544,
40.3505753717934,
39.78244126788182,
39.03205273553283,
38.091945415437934,
36.983416832571265,
35.71356243448942,
34.28493165694251,
33.61577585828912,
33.06287365238438,
33.45764839025246,
33.48329383399317,
33.722376220267115,
33.20867409142591,
32.51004555446527,
31.78076256499133,
30.926811065319626,
30.29078561252193,
29.66764069382958,
29.21200765931962,
28.879240461109354,
28.560316203795324,
28.100416569283862,
27.683738585102873,
27.20128667618741,
26.75935025145962,
26.298225999217916,
25.88537677893542,
25.491077949099527,
25.11963278977766,
24.76459427260292,
24.432128225995555,
24.13069034793359,
23.838118662923424,
23.55512662265042,
23.29354830690359,
23.04651278452263,
22.80791118161944,
22.567609410854,
22.32954372613059,
22.096288755615557,
21.866377044190486,
21.642166156912133,
21.423306938368682,
21.207557411736037,
20.99498022007247,
20.782171825076826,
20.5705684895624,
20.3587332043099,
20.14597062282278,
19.934053922085415,
19.72392740189821,
19.5169528695237,
19.312857337231936,
19.11228386917575,
18.91459514726843,
18.72015852458743,
18.528918727325802,
18.341244615739697,
18.15719642181624,
17.97702914760776,
17.80093623369105,
17.628878607181235,
17.46099460621469,
17.296871213661596,
17.136345653421596,
16.979031970392832,
16.82473002581271,
16.67315402932139,
16.524149779391667,
16.377460498125334,
16.23295774805092,
16.0904198903663,
15.949591843571676
],
"q": [
0.566183,
0.561111,
0.556089,
0.551112,
0.578438,
0.627762,
0.710976,
0.79162,
0.881534,
0.947339,
0.99897,
1.0479,
1.09202,
1.13429,
1.1779,
1.22647,
1.27526,
1.32838,
1.37362,
1.41151,
1.44382,
1.46754,
1.48607,
1.4967,
1.50201,
1.50095,
1.49258,
1.47763,
1.45665,
1.42878,
1.39375,
1.35238,
1.30497,
1.25164,
1.22668,
1.20617,
1.22098,
1.22209,
1.23115,
1.2121,
1.18609,
1.15893,
1.12714,
1.10346,
1.08027,
1.06332,
1.05093,
1.03907,
1.02197,
1.00647,
0.988541,
0.972111,
0.954978,
0.939634,
0.924982,
0.911177,
0.897984,
0.885628,
0.874419,
0.863543,
0.853023,
0.843294,
0.834104,
0.825229,
0.816293,
0.807443,
0.798772,
0.790229,
0.781899,
0.773767,
0.765754,
0.75786,
0.74996,
0.74211,
0.734254,
0.726367,
0.718515,
0.710732,
0.703067,
0.695512,
0.68809,
0.680776,
0.673585,
0.666513,
0.659575,
0.652773,
0.646116,
0.639609,
0.633254,
0.627054,
0.620994,
0.615068,
0.609262,
0.603567,
0.597976,
0.59248,
0.587073,
0.581747,
0.576494,
0.571308
],